게시일시,글 유형,제목,연결된 장소,URL
2026. 10. 2. 2:20,건강 정보,"""밥만 줄여선 안 된다"".. 당화혈색소 1% 낮추는 저녁 식탁의 비밀",,https://blog.naver.com/kmsblog1/224428529152
2026. 10. 1. 23:20,건강 정보,"""매일 먹던 흰 쌀밥"" 식히기만 해도 혈당 반응이 달라진다고?",,https://blog.naver.com/kmsblog1/224428525981
2026. 10. 1. 21:30,건강 정보,"""단순 근육통인 줄 알았는데.."" 어깨 통증이 폐암 신호일 때의 특징",,https://blog.naver.com/kmsblog1/224428524504
2026. 10. 1. 1:40,건강 정보,콜레스테롤 낮추려면 연어보다 이 밥그릇부터 바꾸세요,,https://blog.naver.com/kmsblog1/224427353367
2026. 10. 1. 0:10,건강 정보,"""아침마다 바나나 먹는데.."" 혈당 급격히 올리는 의외의 습관",,https://blog.naver.com/kmsblog1/224427352121
2026. 9. 30. 22:10,건강 정보,"""분명히 덜 먹었는데 왜 이러지?"" 혈당 조용히 올리는 저녁 습관",,https://blog.naver.com/kmsblog1/224427350933
2026. 9. 30. 20:10,건강 정보,"아침마다 먹는 계란, 이 음식들과 같이 먹으면 독이 됩니다",,https://blog.naver.com/kmsblog1/224427342067
2026. 9. 30. 18:14,건강 정보,매일 먹는 밥에 '이것' 한 조각 넣었을 뿐인데 생기는 변화,,https://blog.naver.com/kmsblog1/224427340759
2026. 9. 30. 4:40,건강 정보,"""토마토와 양배추만 드셨나요?"" 혈관 청소 1순위는 따로 있습니다",,https://blog.naver.com/kmsblog1/224426008523
2026. 9. 30. 0:50,건강 정보,이호선 교수가 말한 50세 넘으면 반드시 버려야 할 3가지,,https://blog.naver.com/kmsblog1/224426005116
2026. 9. 29. 22:00,건강 정보,"""즐겁게 대화했는데 집에 오면 기운 빠진다면"" 나를 갉아먹는 사람의 특징 3가지",,https://blog.naver.com/kmsblog1/224426003678
2026. 9. 29. 19:30,건강 정보,"""우리 집은 암 유전 없는데"" 방심하는 순간 놓치는 것들",,https://blog.naver.com/kmsblog1/224426000206
2026. 9. 29. 17:00,건강 정보,"""나에게만 친절한 사람은 위험하다"" 식당에서 상대의 진짜 인격을 확인하는 법",,https://blog.naver.com/kmsblog1/224425995611
2026. 9. 26. 22:57,건강 정보,"""60대 이후엔 이게 짐이 되더라고요"" 김창옥이 말하는 절대 버려야 할 1위",,https://blog.naver.com/kmsblog1/224423409607
2026. 9. 26. 20:20,건강 정보,"췌장 건강 해치는 의외의 음식 3가지, 삼겹살과 믹스커피의 위험성",,https://blog.naver.com/kmsblog1/224423165661
2026. 9. 26. 19:00,건강 정보,"""고지혈증에 나쁜 과일"" 중성지방 수치 올리는 의외의 범인들",,https://blog.naver.com/kmsblog1/224423164673
2026. 9. 26. 17:10,건강 정보,"먹다 남은 명절 음식 보관법, 냉장고 넣기 전 딱 하나만 확인하세요",,https://blog.naver.com/kmsblog1/224423163798
2026. 9. 26. 15:19,건강 정보,"명절 허리·무릎 통증, 찜질 순서와 자세만 바꿔도 줄어듭니다",,https://blog.naver.com/kmsblog1/224423132712
2026. 9. 26. 1:22,건강 정보,"""몸에 좋은 줄 알았는데.."" 혈당 급격하게 올리는 의외의 토마토 습관",,https://blog.naver.com/kmsblog1/224422790828
2026. 9. 20. 22:00,피부과 후기,"미아동피부과 닥터포유의원 미아점, 솔직한 방문 후기",닥터포유의원 미아점,https://blog.naver.com/kmsblog1/224409476530
2026. 9. 20. 20:00,피부과 후기,"번동피부과 아름다운피부과의원, 합리적인 의 추천",아름다운피부과의원,https://blog.naver.com/kmsblog1/224409475920
2026. 9. 20. 18:00,피부과 후기,"미아동피부과 류의원, 내돈내산 꼼꼼 후기",류의원,https://blog.naver.com/kmsblog1/224409475468
2026. 9. 20. 16:00,피부과 후기,"미아동피부과 김피부과의원, 꼼꼼한 서비스가 돋보였던 곳",김피부과의원,https://blog.naver.com/kmsblog1/224409474966
2026. 9. 20. 14:00,피부과 후기,"번동피부과 이상배피부과의원, 동네 주민이 직접 가본 솔직한 후기",이상배피부과의원,https://blog.naver.com/kmsblog1/224409474498
2026. 9. 20. 12:00,피부과 후기,"번동피부과 체인지미피부과의원, 합리적인 비용으로 다녀온 후기",체인지미피부과의원,https://blog.naver.com/kmsblog1/224409473631
2026. 9. 20. 10:00,피부과 후기,"미아동피부과 샤인의원, 합리적인 비용으로 만나는 후기",샤인의원,https://blog.naver.com/kmsblog1/224409473216
2026. 9. 20. 8:00,피부과 후기,"번동피부과 강남의원, 정성스런 케어에 반한 단골 후기",강남의원,https://blog.naver.com/kmsblog1/224409472567
2026. 9. 20. 6:00,피부과 후기,"미아동피부과 우리맑은의원, 정성스러운 케어가 돋보였던 의원 방문 후기",우리맑은의원,https://blog.naver.com/kmsblog1/224409471891
2026. 9. 20. 4:00,피부과 후기,"번동피부과 해맑은의원, 정성스러운 케어를 받았어요",해맑은의원,https://blog.naver.com/kmsblog1/224409471157
2026. 9. 20. 2:00,피부과 후기,"번동피부과 미애로여성의원 수유역, 직접 다녀온 솔직한 후기",미애로여성의원 수유역,https://blog.naver.com/kmsblog1/224409470629
2026. 9. 20. 0:00,피부과 후기,"수유동피부과 예지미의원 수유점, 비용 부담 줄인 후기",예지미의원 수유점,https://blog.naver.com/kmsblog1/224409470202
2026. 9. 19. 22:00,피부과 후기,"수유동피부과 북부성모의원, 가성비 좋은 곳 선택 기준",북부성모의원,https://blog.naver.com/kmsblog1/224409469641
2026. 9. 19. 20:00,피부과 후기,"수유동피부과 수유우태하피부과의원, 꼼꼼하게 다녀온 솔직한 후기",수유우태하피부과의원,https://blog.naver.com/kmsblog1/224409468712
2026. 9. 19. 18:00,피부과 후기,"미아동피부과 비해피이상양의원, 솔직한 후기",비해피이상양의원,https://blog.naver.com/kmsblog1/224409468090
2026. 9. 19. 16:00,피부과 후기,"미아동피부과 오투피부과의원, 합리적인 비용으로 만족하는 피부 관리",오투피부과의원,https://blog.naver.com/kmsblog1/224409466614
2026. 9. 19. 14:00,피부과 후기,"수유동피부과 허니의원, 꼼꼼하게 다녀온 솔직한 후기",허니의원,https://blog.naver.com/kmsblog1/224409465532
2026. 9. 19. 12:00,피부과 후기,"미아동피부과 아가파의원 미아점, 꾸준히 찾는 이유가 있네요",아가파의원 미아점,https://blog.naver.com/kmsblog1/224409464247
2026. 9. 19. 10:00,피부과 후기,"미아동피부과 사계절예쁨의원, 정성스러운 케어를 받는 시간",사계절예쁨의원,https://blog.naver.com/kmsblog1/224409462843
2026. 9. 19. 8:00,피부과 후기,"미아동피부과 미아사거리 톡스앤필의원, 미아사거리 다녀온 솔직한 후기",미아사거리 톡스앤필의원,https://blog.naver.com/kmsblog1/224409461607
2026. 9. 19. 6:00,피부과 후기,"번동피부과 서울의원, 솔직한 방문 후기",서울의원,https://blog.naver.com/kmsblog1/224409460601
2026. 9. 19. 4:00,피부과 후기,"번동피부과 미앤미의원 수유, 동네 솔직방문기",,https://blog.naver.com/kmsblog1/224409459082
2026. 9. 19. 2:00,피부과 후기,"번동피부과 라르떼의원 수유역, 직접 다녀온 솔직한 후기",라르떼의원 수유역,https://blog.naver.com/kmsblog1/224409458272
2026. 9. 19. 0:00,피부과 후기,"미아동피부과 닥터스피부과의원 강북미아점, 내돈내산 방문 후기",,https://blog.naver.com/kmsblog1/224409457758
2026. 9. 18. 22:00,피부과 후기,"영등포동피부과 사려니의원, 합리적인 비용으로 만족스러운 관리 받았어요",사려니의원,https://blog.naver.com/kmsblog1/224408889048
2026. 9. 18. 20:00,피부과 후기,"영등포동피부과 블리비의원 영등포점, 꾸준히 찾는 이유가 있네요",블리비의원 영등포점,https://blog.naver.com/kmsblog1/224408888699
2026. 9. 18. 18:00,피부과 후기,"영등포동피부과 유앤아이의원 영등포, 영등포 가성비 좋은 후기",유앤아이의원 영등포,https://blog.naver.com/kmsblog1/224408888335
2026. 9. 18. 16:00,피부과 후기,"당산동피부과 브라이트피부과의원, 당산동에서 찾은 편안한 케어 공간",브라이트피부과의원,https://blog.naver.com/kmsblog1/224408887703
2026. 9. 18. 14:00,피부과 후기,"영등포동피부과 데이뷰의원 영등포, 정성 어린 서비스에 반한 영등포 방문기",데이뷰의원 영등포,https://blog.naver.com/kmsblog1/224408887307
2026. 9. 18. 12:00,피부과 후기,"영등포동피부과 톤즈의원 영등포, 영등포 내돈내산 솔직한 후기",톤즈의원 영등포,https://blog.naver.com/kmsblog1/224408886868
2026. 9. 18. 10:00,피부과 후기,"여의도동피부과 데이뷰의원 여의도, 가성비 좋은 곳 추천",데이뷰의원 여의도,https://blog.naver.com/kmsblog1/224408886556
2026. 9. 18. 8:00,피부과 후기,"소공동피부과 오가나셀피부과의원 소공동점, 정성스러운 피부 관리 후기",오가나셀피부과의원 명동점,https://blog.naver.com/kmsblog1/224408886195
2026. 9. 18. 6:00,피부과 후기,"피부과 다오의원, 꾸준히 찾게 되는 이유가 있네요",다오의원,https://blog.naver.com/kmsblog1/224408885856
2026. 9. 18. 4:00,피부과 후기,"피부과 메디코스의원, 꼼꼼하게 따져보고 결정한 후기",메디코스의원,https://blog.naver.com/kmsblog1/224408885506
2026. 9. 18. 2:00,피부과 후기,"명동피부과 제이디의원 명동점, 정말 만족스러운 방문 후기",제이디의원 명동점,https://blog.naver.com/kmsblog1/224408885124
2026. 9. 18. 0:00,피부과 후기,"명동피부과 메이의원, 명동에서 찾은 정직한",메이의원,https://blog.naver.com/kmsblog1/224408884811
2026. 9. 17. 22:00,피부과 후기,"남창동피부과 남창동미소유의원, 내돈내산 방문 후기",명동미소유의원,https://blog.naver.com/kmsblog1/224408884328
2026. 9. 17. 20:00,피부과 후기,"피부과 트랜드성형외과의원, 정성 어린 손길이 머무는 곳",트랜드성형외과의원,https://blog.naver.com/kmsblog1/224408883991
2026. 9. 17. 18:00,피부과 후기,"피부과 플로레의원, 정성스러운 관리와 친절함이 가득한 곳",플로레의원,https://blog.naver.com/kmsblog1/224408883611
2026. 9. 17. 16:00,피부과 후기,"아름다운나라피부과의원 명동점, 명동 직접 다녀온 솔직한 후기",아름다운나라피부과의원 명동점,https://blog.naver.com/kmsblog1/224408883108
2026. 9. 17. 14:00,피부과 후기,"남산동피부과 프리디크의원, 내돈내산 솔직 후기",프리디크의원,https://blog.naver.com/kmsblog1/224408882758
2026. 9. 17. 12:00,피부과 후기,"명동피부과 카린의원, 명동 직접 다녀온 솔직 후기",카린의원,https://blog.naver.com/kmsblog1/224408882322
2026. 9. 17. 10:00,피부과 후기,"신당동피부과 더이다의원, 직접 다녀온 솔직한 후기",더이다의원,https://blog.naver.com/kmsblog1/224408881742
2026. 9. 17. 8:00,피부과 후기,"피부과 뷰티라운지의원 명동점, 내돈내산 솔직 후기",뷰티라운지의원 명동점,https://blog.naver.com/kmsblog1/224408881181
2026. 9. 17. 6:00,피부과 후기,"피부과 에비아의원, 찾는 편안한 방문 후기",에비아의원,https://blog.naver.com/kmsblog1/224408880542
2026. 9. 17. 4:00,피부과 후기,"신당동피부과 나이스피부과의원, 꼼꼼하게 골라 찾아간 후기",나이스피부과의원,https://blog.naver.com/kmsblog1/224408880089
2026. 9. 17. 2:00,피부과 후기,"명동피부과 클래식피부과의원, 명동 직접 다녀온 솔직한 후기",클래식피부과의원,https://blog.naver.com/kmsblog1/224408878375
2026. 9. 17. 0:00,피부과 후기,"피부과 그랑메디의원, 직접 다녀온 솔직한 후기",그랑메디의원,https://blog.naver.com/kmsblog1/224408877895
2026. 9. 16. 22:00,피부과 후기,"명동피부과 빛이난다의원, 믿고 찾는 명동 솔직 후기",빛이난다의원,https://blog.naver.com/kmsblog1/224408877409
2026. 9. 16. 20:00,피부과 후기,"명동피부과 뮤즈의원 명동, 꼼꼼하게 관리받기 좋은 곳",뮤즈의원 명동,https://blog.naver.com/kmsblog1/224408876854
2026. 9. 16. 18:00,피부과 후기,"서소문동피부과 소중한나의원, 정말 편안했던 방문 후기",소중한나의원,https://blog.naver.com/kmsblog1/224408876391
2026. 9. 16. 16:00,피부과 후기,"피부과 세가지소원의원 명동점, 정말 편하게 다녀온 후기",세가지소원의원 명동점,https://blog.naver.com/kmsblog1/224408875935
2026. 9. 16. 14:00,피부과 후기,"명동피부과 트리옹프닥터의원, 명동 다녀온 솔직한 후기",트리옹프닥터의원,https://blog.naver.com/kmsblog1/224408875379
2026. 9. 16. 12:00,피부과 후기,"신당동피부과 서울참피부과의원, 정성스러운 피부 관리 후기",서울참피부과의원,https://blog.naver.com/kmsblog1/224408874938
2026. 9. 16. 10:00,피부과 후기,"명동피부과 유픽의원 명동, 명동 다녀온 솔직한 후기",유픽의원 명동,https://blog.naver.com/kmsblog1/224408874240
2026. 9. 16. 8:00,피부과 후기,"황학동피부과 맑은문피부과의원, 합리적인 비용으로 만족스러운 관리받은 후기",맑은문피부과의원,https://blog.naver.com/kmsblog1/224408873619
2026. 9. 16. 6:00,피부과 후기,"명동피부과 뷰티즈의원 명동, 찾는 편안한 피부 관리 공간",뷰티즈의원 명동,https://blog.naver.com/kmsblog1/224408873199
2026. 9. 16. 4:00,피부과 후기,"서소문동피부과 메이퓨어의원 시청역점, 직접 다녀와서 남기는 솔직한 이야기",메이퓨어의원 시청역점,https://blog.naver.com/kmsblog1/224408872683
2026. 9. 16. 2:00,피부과 후기,"명동피부과 아우레아의원, 명동 가성비 좋은 곳 솔직 후기",아우레아의원,https://blog.naver.com/kmsblog1/224408872162
2026. 9. 16. 0:00,피부과 후기,"무교동피부과 라민의원, 직접 다녀와서 느낀 솔직한 이야기",라민의원,https://blog.naver.com/kmsblog1/224408871706
2026. 9. 15. 22:00,피부과 후기,"피부과 닥터쁘띠의원 명동점, 명동 솔직한 방문 후기",닥터쁘띠의원 명동점,https://blog.naver.com/kmsblog1/224408871047
2026. 9. 15. 20:00,피부과 후기,"피부과 뉴페이스의원, 솔직한 방문 후기",뉴페이스의원,https://blog.naver.com/kmsblog1/224408870541
2026. 9. 15. 18:00,피부과 후기,"신당동피부과 한을남하늘피부과의원, 다녀온 솔직한 후기",한을남하늘피부과의원,https://blog.naver.com/kmsblog1/224408869994
2026. 9. 15. 16:00,피부과 후기,"피부과 데이뷰의원 명동점, 합리적인 비용으로 찾는 명동 방문 후기",데이뷰의원 명동점,https://blog.naver.com/kmsblog1/224407729271
2026. 9. 15. 14:00,피부과 후기,"명동피부과 아름다운미탐의원 명동, 합리적인 비용으로 만족스러운 피부 관리 받은 솔직 후기",아름다운미탐의원 명동,https://blog.naver.com/kmsblog1/224407728664
2026. 9. 15. 12:00,피부과 후기,"피부과 글로리의원, 합리적인 비용과 만족스러운 구성의 방문 후기",글로리의원,https://blog.naver.com/kmsblog1/224407727899
2026. 9. 15. 10:00,피부과 후기,"엠제이(MJ)올피부과의원, 꾸준히 다니는 진솔한 이야기",엠제이(MJ)올피부과의원,https://blog.naver.com/kmsblog1/224407727198
2026. 9. 15. 8:00,피부과 후기,"신당동피부과 맑은성모 피부과의원, 교통 편하고 꼼꼼한 방문 후기",맑은성모 피부과의원,https://blog.naver.com/kmsblog1/224407726503
2026. 9. 15. 6:00,피부과 후기,"피부과 명동세라미크글로벌의원, 합리적이고 친절한 명동 추천",명동세라미크글로벌의원,https://blog.naver.com/kmsblog1/224407725927
2026. 9. 15. 4:00,피부과 후기,"피부과 헤이데이의원 명동점, 꾸준히 다니는 이유가 있어요",헤이데이의원 명동점,https://blog.naver.com/kmsblog1/224407725307
2026. 9. 15. 2:00,피부과 후기,"나음피부과의원, 정성스러운 관리가 돋보이는 곳",나음피부과의원,https://blog.naver.com/kmsblog1/224407724617
2026. 9. 15. 0:00,피부과 후기,"신당동피부과 리메이 의원, 정말 만족스러운 내돈내산 후기",리메이 의원,https://blog.naver.com/kmsblog1/224407723810
2026. 9. 14. 22:00,피부과 후기,"명동피부과 디아브의원 명동, 꼼꼼하게 따져보고 찾은 곳",디아브의원 명동,https://blog.naver.com/kmsblog1/224407723083
2026. 9. 14. 20:00,피부과 후기,"신당동피부과 미라벨의원, 정성스러운 케어를 만난 곳",미라벨의원,https://blog.naver.com/kmsblog1/224407722399
2026. 9. 14. 18:00,피부과 후기,"피부과 슬림영의원, 직접 다녀온 솔직한 후기",슬림영의원,https://blog.naver.com/kmsblog1/224407721667
2026. 9. 14. 16:00,피부과 후기,"명동피부과 당신만의가치 벨유의원, 명동에서 찾은 친절한",당신만의가치 벨유의원,https://blog.naver.com/kmsblog1/224407720679
2026. 9. 14. 14:00,피부과 후기,"명동고운세상피부과의원, 다녀온 솔직한 이야기",명동고운세상피부과의원,https://blog.naver.com/kmsblog1/224407719872
2026. 9. 14. 12:00,피부과 후기,"리뉴미피부과의원 동대문점, 직접 다녀온 솔직한 이야기",리뉴미피부과의원 동대문점,https://blog.naver.com/kmsblog1/224407718857
2026. 9. 14. 10:00,피부과 후기,"서소문동피부과 유제의원, 나를 위한 편안한 휴식처",유제의원,https://blog.naver.com/kmsblog1/224407718056
2026. 9. 14. 8:00,피부과 후기,"남산동피부과 유앤영피부과의원 남산동, 가족과 함께 정착한 곳",유앤영피부과의원 명동,https://blog.naver.com/kmsblog1/224407717373
2026. 9. 14. 6:00,피부과 후기,"피부과 비엘티의원, 정말 만족스러운 곳이었어요",비엘티의원,https://blog.naver.com/kmsblog1/224407716500
2026. 9. 14. 4:00,피부과 후기,"명동피부과 리엔장의원 명동, 명동 직접 가본 솔직한 후기",리엔장의원 명동,https://blog.naver.com/kmsblog1/224407715743
2026. 9. 14. 2:00,피부과 후기,"CNP차앤박피부과의원 명동점, 명동 직접 다녀온 솔직한 후기",CNP차앤박피부과의원 명동점,https://blog.naver.com/kmsblog1/224407714993
2026. 9. 14. 0:00,피부과 후기,"명동피부과 카인드글로벌의원 명동점, 명동 직접 다녀온 솔직한 후기",카인드글로벌의원 명동점,https://blog.naver.com/kmsblog1/224407713858
2026. 9. 13. 22:00,피부과 후기,"피부과 동대문메이퓨어의원, 꾸준히 다니기 좋은 곳",동대문메이퓨어의원,https://blog.naver.com/kmsblog1/224407712821
2026. 9. 13. 20:00,피부과 후기,"피부과 쁨글로벌의원 명동점, 다녀온 솔직 후기",쁨글로벌의원 명동점,https://blog.naver.com/kmsblog1/224407711916
2026. 9. 13. 18:00,피부과 후기,"무교동피부과 어뉴의원, 합리적인 비용으로 관리받는 즐거움",어뉴의원,https://blog.naver.com/kmsblog1/224407710877
2026. 9. 13. 16:00,피부과 후기,"피부과 명동아이디의원, 명동 솔직한 방문 후기",명동아이디의원,https://blog.naver.com/kmsblog1/224407710193
2026. 9. 13. 14:00,피부과 후기,"피부과 리베리의원 명동점, 매일 거울이 기다려지는 이유",리베리의원 명동점,https://blog.naver.com/kmsblog1/224407709443
2026. 9. 13. 12:00,피부과 후기,"명동피부과 한피부과의원, 합리적인 비용으로 만족스러운 피부 관리 받은 후기",한피부과의원,https://blog.naver.com/kmsblog1/224401108431
2026. 9. 13. 10:00,피부과 후기,"명동피부과 리엘르의원 명동점, 후회 없는 선택이었어요",리엘르의원 명동점,https://blog.naver.com/kmsblog1/224401107602
2026. 9. 13. 8:00,피부과 후기,"순화동피부과 해피메디의원, 합리적이고 꼼꼼한 방문 후기",해피메디의원,https://blog.naver.com/kmsblog1/224407708718
2026. 9. 13. 6:00,피부과 후기,"피부과 커브라인의원, 정성스러운 케어를 만난 곳",커브라인의원,https://blog.naver.com/kmsblog1/224407707869
2026. 9. 13. 4:00,피부과 후기,"피부과 리진의원, 내돈내산 후기 좋은 추천",리진의원,https://blog.naver.com/kmsblog1/224407707056
2026. 9. 13. 2:00,피부과 후기,"명동피부과 루비의원, 정성스러운 피부 관리 후기",루비의원,https://blog.naver.com/kmsblog1/224407706109
2026. 9. 13. 0:00,피부과 후기,"피부과 블루미의원, 을지로 합리적인 솔직 후기",블루미의원,https://blog.naver.com/kmsblog1/224407705089
2026. 9. 12. 22:00,피부과 후기,"명동피부과 아비쥬의원 명동, 꼼꼼하게 비교하고 찾아간 내돈내산 방문기",아비쥬의원 명동,https://blog.naver.com/kmsblog1/224407704321
2026. 9. 12. 20:00,피부과 후기,"회현동피부과 회현동 리더스피부과의원, 직접 다녀온 후기",명동 리더스피부과의원,https://blog.naver.com/kmsblog1/224407703661
2026. 9. 12. 18:00,피부과 후기,"신당동피부과 리멤버피부과의원 약수역점, 꾸준히 다니는 단골의 솔직한 이야기",리멤버피부과의원 약수역점,https://blog.naver.com/kmsblog1/224407702670
2026. 9. 12. 16:00,피부과 후기,"명동피부과 리버스의원 명동점, 명동 직접 다녀온 솔직한 후기",리버스의원 명동점,https://blog.naver.com/kmsblog1/224407701905
2026. 9. 12. 14:00,피부과 후기,"회현동피부과 아미스킨의원 회현동, 꼼꼼하게 관리받은 솔직한 후기",아미스킨의원 명동,https://blog.naver.com/kmsblog1/224407701081
2026. 9. 12. 12:00,피부과 후기,"피부과 닥터디자이너의원 명동점, 꼼꼼하게 골라 찾은 후기",닥터디자이너의원 명동점,https://blog.naver.com/kmsblog1/224407700448
2026. 9. 12. 10:00,피부과 후기,"피부과 단아의원, 찾은 믿음직한 후기",단아의원,https://blog.naver.com/kmsblog1/224407699682
2026. 9. 12. 8:00,피부과 후기,"소공동피부과 리나인의원, 솔직한 방문 후기",리나인의원,https://blog.naver.com/kmsblog1/224407698949
2026. 9. 12. 6:00,피부과 후기,"피부과 명동 닥터에버스의원, 직접 다녀온 솔직한 후기",명동 닥터에버스의원,https://blog.naver.com/kmsblog1/224407698361
2026. 9. 12. 4:00,피부과 후기,"피부과 톤즈의원 명동역, 합리적인 후기",톤즈의원 명동역,https://blog.naver.com/kmsblog1/224407697823
2026. 9. 12. 2:00,피부과 후기,"명동피부과 플랜에스의원 명동, 내돈내산 솔직 후기",플랜에스의원 명동,https://blog.naver.com/kmsblog1/224401073693
2026. 9. 12. 0:00,피부과 후기,"피부과 명동2호점 밴스의원, 합리적인 비용으로 관리받는 솔직 후기",명동2호점 밴스의원,https://blog.naver.com/kmsblog1/224401072558
2026. 9. 11. 22:00,피부과 후기,"남산동피부과 올의원, 남산동 에서 찾은 힐링 시간",올의원,https://blog.naver.com/kmsblog1/224401071762
2026. 9. 11. 20:00,피부과 후기,"명동피부과 벤자민피부과의원 명동, 합리적인 비용으로 관리받은 솔직한 후기",벤자민피부과의원 명동,https://blog.naver.com/kmsblog1/224401070821
2026. 9. 11. 18:00,피부과 후기,"명동피부과 우미의원, 믿고 찾는 명동 추천",우미의원,https://blog.naver.com/kmsblog1/224401069870
2026. 9. 11. 16:00,피부과 후기,"피부과 명동시그니처데이뷰의원, 정성스러운 관리에 반한 곳",명동시그니처데이뷰의원,https://blog.naver.com/kmsblog1/224401069011
2026. 9. 11. 14:00,피부과 후기,"피부과 블리비의원 명동점, 신중하게 골라 다녀온 명동 솔직 후기",블리비의원 명동점,https://blog.naver.com/kmsblog1/224401068307
2026. 9. 11. 12:00,피부과 후기,"소공동피부과 셀린의원 소공동점, 오래 다닌 단골의 솔직한 이야기",셀린의원 명동점,https://blog.naver.com/kmsblog1/224401067434
2026. 9. 11. 10:00,피부과 후기,"명동피부과 밴스의원 명동, 합리적인 비용으로 만나는 만족스러운 관리 후기",밴스의원 명동,https://blog.naver.com/kmsblog1/224401066649
2026. 9. 11. 8:00,피부과 후기,"명동피부과 포에버의원 명동, 명동 직접 다녀온 후기",포에버의원 명동,https://blog.naver.com/kmsblog1/224401065938
2026. 9. 11. 6:00,피부과 후기,"피부과 써밋의원 광화문역, 가성비 좋은 찾았어요",써밋의원 광화문역,https://blog.naver.com/kmsblog1/224401064923
2026. 9. 11. 4:00,피부과 후기,"피부과 톡스앤필의원 명동점, 합리적인 비용으로 다녀온 후기",톡스앤필의원 명동점,https://blog.naver.com/kmsblog1/224401064148
2026. 9. 11. 2:00,피부과 후기,"명동피부과 유앤아이의원 명동점, 명동 친절한 후기",유앤아이의원 명동점,https://blog.naver.com/kmsblog1/224401063350
2026. 9. 11. 0:00,피부과 후기,"피부과 명동 비엘에스의원, 정성스러운 케어를 만난 곳",명동 비엘에스의원,https://blog.naver.com/kmsblog1/224401062529
2026. 9. 10. 22:00,피부과 후기,"명동피부과 클림의원 명동점, 내가 정착한 명동 리얼 후기",클림의원 명동점,https://blog.naver.com/kmsblog1/224401061846
2026. 9. 10. 20:00,피부과 후기,"피부과 동대문밴스의원, 교통 편하고 깔끔한 곳",동대문밴스의원,https://blog.naver.com/kmsblog1/224401061168
2026. 9. 10. 18:00,피부과 후기,"피부과 명동글로벌 테이아의원, 찾아오기 편한 명동 솔직한 방문기",명동글로벌 테이아의원,https://blog.naver.com/kmsblog1/224401060467
2026. 9. 10. 16:00,피부과 후기,"이문동피부과 미소진의원, 정말 편안했던 동네 방문 후기",미소진의원,https://blog.naver.com/kmsblog1/224401019878
2026. 9. 10. 14:00,피부과 후기,"장안동피부과 청담비엘의원, 합리적인 비용으로 관리받은 후기",청담비엘의원,https://blog.naver.com/kmsblog1/224401019157
2026. 9. 10. 12:00,피부과 후기,"장안동피부과 봄날애의원, 교통도 편하고 친절했던 동네 후기",봄날애의원,https://blog.naver.com/kmsblog1/224401018416
2026. 9. 10. 10:00,피부과 후기,"장안동피부과 에스엘의원, 솔직한 방문 후기",에스엘의원,https://blog.naver.com/kmsblog1/224401017563
2026. 9. 10. 8:00,피부과 후기,"청량리동피부과 안창헌피부과의원, 가성비 좋은 곳 추천",안창헌피부과의원,https://blog.naver.com/kmsblog1/224401016820
2026. 9. 10. 6:00,피부과 후기,"전농동피부과 민피부과의원, 동네에서 찾은 만족스러운 곳",민피부과의원,https://blog.naver.com/kmsblog1/224401015885
2026. 9. 10. 4:00,피부과 후기,"이문동피부과 서울아트피부과의원, 합리적이고 만족스러운 동네 후기",서울아트피부과의원,https://blog.naver.com/kmsblog1/224401015131
2026. 9. 10. 2:00,피부과 후기,"이문동피부과 미체로의원, 동네에 이런 곳이 있었다니",미체로의원,https://blog.naver.com/kmsblog1/224401014317
2026. 9. 10. 0:00,피부과 후기,"청량리동피부과 자연튼튼의원, 합리적인 비용으로 다녀온 후기",자연튼튼의원,https://blog.naver.com/kmsblog1/224401013627
2026. 9. 9. 22:00,피부과 후기,"장안동피부과 오라클성형외과의원 동대문점, 꾸준히 찾게 되는 곳",오라클성형외과의원 동대문점,https://blog.naver.com/kmsblog1/224401012694
2026. 9. 9. 20:00,피부과 후기,"휘경동피부과 미몽피부과의원, 솔직한 방문 후기",미몽피부과의원,https://blog.naver.com/kmsblog1/224401011746
2026. 9. 9. 18:00,피부과 후기,"전농동피부과 조광의원, 다녀온 솔직한 이야기",조광의원,https://blog.naver.com/kmsblog1/224401010823
2026. 9. 9. 16:00,피부과 후기,"답십리동피부과 하얀나라피부과의원, 합리적인 비용으로 관리받은 곳",하얀나라피부과의원,https://blog.naver.com/kmsblog1/224401009981
2026. 9. 9. 14:00,피부과 후기,"이문동피부과 셀로디피부과의원 동대문점, 꾸준히 다니는 단골의 솔직한 이야기",셀로디피부과의원 동대문점,https://blog.naver.com/kmsblog1/224401009174
2026. 9. 9. 12:00,피부과 후기,"제기동피부과 우태하 피부과의원 동대문점, 다녀온 솔직한 후기",우태하 피부과의원 동대문점,https://blog.naver.com/kmsblog1/224401008449
2026. 9. 9. 10:00,피부과 후기,"전농동피부과 오가나셀피부과의원 동대문점, 정말 후회 없는 선택이었어요",오가나셀피부과의원 동대문점,https://blog.naver.com/kmsblog1/224401007523
2026. 9. 9. 8:00,피부과 후기,"전농동피부과 아비쥬의원 청량리, 직접 가보고 느낀 솔직한 이야기",아비쥬의원 청량리,https://blog.naver.com/kmsblog1/224401006879
2026. 9. 9. 6:00,피부과 후기,"청량리동피부과 예쁜나의원, 다녀온 솔직한 후기",예쁜나의원,https://blog.naver.com/kmsblog1/224401006255
2026. 9. 9. 4:00,피부과 후기,"용두동피부과 뷰티크의원 청량리, 정성스러운 피부 관리 후기",뷰티크의원 청량리,https://blog.naver.com/kmsblog1/224401005405
2026. 9. 9. 2:00,피부과 후기,"전농동피부과 오아로피부과의원 청량리, 다녀온 솔직한 이야기",오아로피부과의원 청량리,https://blog.naver.com/kmsblog1/224401004622
2026. 9. 9. 0:00,피부과 후기,"용두동피부과 라플레르의원, 내돈내산 피부관리 찐후기",라플레르의원,https://blog.naver.com/kmsblog1/224401004091
2026. 9. 8. 22:00,피부과 후기,"전농동피부과 블리비의원 청량리점, 합리적인 선택의 즐거움",블리비의원 청량리점,https://blog.naver.com/kmsblog1/224401003481
2026. 9. 8. 20:00,피부과 후기,"전농동피부과 더힐피부과의원 동대문, 동네 주민이 솔직하게 알려주는 방문 후기",더힐피부과의원 동대문,https://blog.naver.com/kmsblog1/224401002818
2026. 9. 8. 18:00,피부과 후기,"청량리동피부과 닥터에버스의원 청량리, 합리적인 비용으로 만족스러운 관리 받았어요",닥터에버스의원 청량리,https://blog.naver.com/kmsblog1/224401002055
2026. 9. 8. 16:00,피부과 후기,"전농동피부과 동대문 닥터스피부과의원, 꾸준히 다니는 이유가 있어요",동대문 닥터스피부과의원,https://blog.naver.com/kmsblog1/224401001413
2026. 9. 8. 14:00,피부과 후기,"강동피부과 이끌림의원, 온 가족이 함께 찾은 편안한 곳",이끌림의원,https://blog.naver.com/kmsblog1/224401000720
2026. 9. 8. 12:00,피부과 후기,"강동피부과 굿모닝의원, 꼼꼼하게 비교하고 찾아간 곳",굿모닝의원,https://blog.naver.com/kmsblog1/224401000078
2026. 9. 8. 10:00,피부과 후기,"강동피부과 김이중피부과의원, 믿고 찾는 단골 이야기",김이중피부과의원,https://blog.naver.com/kmsblog1/224400999237
2026. 9. 8. 8:00,피부과 후기,"강동피부과 홍피부과의원, 꼼꼼한 후기",홍피부과의원,https://blog.naver.com/kmsblog1/224400998554
2026. 9. 8. 6:00,피부과 후기,"강동피부과 하태영피부과의원, 내돈내산 솔직 후기",하태영피부과의원,https://blog.naver.com/kmsblog1/224400997758
2026. 9. 8. 4:00,피부과 후기,"강동피부과 봄으로가는의원, 꾸준히 관리하기 좋은 곳",봄으로가는의원,https://blog.naver.com/kmsblog1/224400997145
2026. 9. 8. 2:00,피부과 후기,"강동피부과 라마르의원 강동점, 꼼꼼하게 따져보고 고른 만족스러운 곳",라마르의원 강동점,https://blog.naver.com/kmsblog1/224400996505
2026. 9. 8. 0:00,피부과 후기,"강동피부과 다올의원, 직접 겪고 반한 솔직한 방문기",다올의원,https://blog.naver.com/kmsblog1/224400995637
2026. 9. 7. 22:00,피부과 후기,"강동피부과 김앤김피부과의원, 정성스러운 서비스에 반한 이곳",김앤김피부과의원,https://blog.naver.com/kmsblog1/224400994813
2026. 9. 7. 20:00,피부과 후기,"강동피부과 린피부과의원, 정성스러운 관리가 있는 곳",린피부과의원,https://blog.naver.com/kmsblog1/224400993984
2026. 9. 7. 18:00,피부과 후기,"강동피부과 천호이지함피부과의원, 직접 다녀온 솔직한 후기",천호이지함피부과의원,https://blog.naver.com/kmsblog1/224400993262
2026. 9. 7. 16:00,피부과 후기,"강동피부과 제이나피부과의원, 다녀온 솔직한 후기",제이나피부과의원,https://blog.naver.com/kmsblog1/224400992574
2026. 9. 7. 14:00,피부과 후기,"강동피부과 타임리스피부과의원 고덕점, 정성 가득한 패밀리 케어 공간",타임리스피부과의원 고덕점,https://blog.naver.com/kmsblog1/224400991767
2026. 9. 7. 12:00,피부과 후기,"강동피부과 라임의원, 정착하고 싶은 후기",라임의원,https://blog.naver.com/kmsblog1/224400991010
2026. 9. 7. 10:00,피부과 후기,"강동피부과 리멤버피부과의원 강동, 합리적인 비용으로 다녀온 솔직 후기",리멤버피부과의원 강동,https://blog.naver.com/kmsblog1/224400990163
2026. 9. 7. 8:00,피부과 후기,"강동피부과 벨로아의원, 꼼꼼히 비교해보고 정착한 곳",벨로아의원,https://blog.naver.com/kmsblog1/224400989370
2026. 9. 7. 6:00,피부과 후기,"강동피부과 삼성더블의원, 정성스러운 피부 관리 후기",삼성더블의원,https://blog.naver.com/kmsblog1/224400988557
2026. 9. 7. 4:00,피부과 후기,"강동피부과 미모아피부과의원, 내돈내산 꼼꼼한 솔직 후기",미모아피부과의원,https://blog.naver.com/kmsblog1/224400987652
2026. 9. 7. 2:00,피부과 후기,"강동피부과 갤러리아피부과의원 강동송파점, 동네주민이 직접 다녀온 후기",갤러리아피부과의원 강동송파점,https://blog.naver.com/kmsblog1/224400986894
2026. 9. 7. 0:00,피부과 후기,"강동피부과 스타피부과의원, 합리적인 비용으로 만족스러운 관리 받은 곳",스타피부과의원,https://blog.naver.com/kmsblog1/224400985976
2026. 9. 6. 22:00,피부과 후기,"강동피부과 원문섭피부과의원, 다녀온 솔직한 이야기",원문섭피부과의원,https://blog.naver.com/kmsblog1/224400985200
2026. 9. 6. 20:00,피부과 후기,"강동피부과 차앤박피부과의원 천호점, 솔직한 방문 후기",차앤박피부과의원 천호점,https://blog.naver.com/kmsblog1/224400984295
2026. 9. 6. 18:00,피부과 후기,"강동피부과 메이퓨어의원 고덕점, 내돈내산 솔직한 후기",메이퓨어의원 고덕점,https://blog.naver.com/kmsblog1/224400983268
2026. 9. 6. 16:00,피부과 후기,"강동피부과 래미피부과의원, 정성스러운 케어를 받을 수 있는 곳",래미피부과의원,https://blog.naver.com/kmsblog1/224400982459
2026. 9. 6. 14:00,피부과 후기,"강동피부과 코코의원, 꾸준히 다니고 싶은 후기",코코의원,https://blog.naver.com/kmsblog1/224400981720
2026. 9. 6. 12:00,피부과 후기,"강동피부과 포에버의원 천호역, 솔직한 방문 후기",포에버의원 천호역,https://blog.naver.com/kmsblog1/224400980874
2026. 9. 6. 10:00,피부과 후기,"강동피부과 노블클래식의원 강동, 내돈내산 솔직 후기",노블클래식의원 강동,https://blog.naver.com/kmsblog1/224400979990
2026. 9. 6. 8:00,피부과 후기,"강동피부과 위드피부과의원, 내돈내산 꼼꼼 후기",위드피부과의원,https://blog.naver.com/kmsblog1/224400979148
2026. 9. 6. 6:00,피부과 후기,"강동피부과 미리의원, 가성비 좋은 추천",미리의원,https://blog.naver.com/kmsblog1/224400978406
2026. 9. 6. 4:00,피부과 후기,"강동피부과 더스킨피부과의원, 집 근처 정착했어요",더스킨피부과의원,https://blog.naver.com/kmsblog1/224400977771
2026. 9. 6. 2:00,피부과 후기,"강동피부과 미모드림의원, 정성스러운 관리를 만나는 곳",미모드림의원,https://blog.naver.com/kmsblog1/224400977050
2026. 9. 6. 0:00,피부과 후기,"강동피부과 화이트피부과의원 천호, 꼼꼼하게 따져보고 찾은 곳이에요",화이트피부과의원 천호,https://blog.naver.com/kmsblog1/224400976309
2026. 9. 5. 22:00,피부과 후기,"강동피부과 온누리피부과의원, 내돈내산 찐후기",온누리피부과의원,https://blog.naver.com/kmsblog1/224400975615
2026. 9. 5. 20:00,피부과 후기,"강동피부과 유앤아이의원 천호점, 정말 편하게 다녀왔어요",유앤아이의원 천호점,https://blog.naver.com/kmsblog1/224400974766
2026. 9. 5. 18:00,피부과 후기,"강동피부과 디에스타의원 강동천호, 꾸준히 찾게 되는 단골의 이유",디에스타의원 강동천호,https://blog.naver.com/kmsblog1/224400974202
2026. 9. 5. 16:00,피부과 후기,"강동피부과 비브톤의원 천호, 꾸준히 다니는 이유가 있죠",비브톤의원 천호,https://blog.naver.com/kmsblog1/224400973289
2026. 9. 5. 14:00,피부과 후기,"강동피부과 휴킨스피부과의원, 합리적인 비용으로 다니는 단골 후기",휴킨스피부과의원,https://blog.naver.com/kmsblog1/224400279182
2026. 9. 5. 12:00,피부과 후기,"강동피부과 뷰티스카이의원 강동천호, 꾸준히 찾게 되는 이유",뷰티스카이의원 강동천호,https://blog.naver.com/kmsblog1/224400278494
2026. 9. 5. 10:00,피부과 후기,"강동피부과 섬세이의원, 내돈내산 정착 후기",섬세이의원,https://blog.naver.com/kmsblog1/224400277701
2026. 9. 5. 8:00,피부과 후기,"강동피부과 강동우태하피부과의원, 정성스러운 케어가 있는 곳",강동우태하피부과의원,https://blog.naver.com/kmsblog1/224400277020
2026. 9. 5. 4:00,피부과 후기,"강동피부과 제너리스의원 천호점, 내돈내산 솔직한 방문 후기",제너리스의원 천호점,https://blog.naver.com/kmsblog1/224400276104
2026. 9. 5. 2:00,피부과 후기,"강동피부과 킴스피부과의원 서울, 꼼꼼히 따져보고 다녀온 솔직한 후기",킴스피부과의원 서울,https://blog.naver.com/kmsblog1/224400275587
2026. 9. 5. 0:00,피부과 후기,"강동피부과 리즈온의원 천호, 합리적인 비용으로 관리받는 곳",리즈온의원 천호,https://blog.naver.com/kmsblog1/224400275007
2026. 9. 4. 22:00,피부과 후기,"강동피부과 엘 그레이스의원, 동네 주민이 직접 다녀온 솔직한 이야기",엘 그레이스의원,https://blog.naver.com/kmsblog1/224400274525
2026. 9. 4. 20:00,피부과 후기,"강동피부과 슬로아의원 강동고덕, 직접 다녀와서 남기는 솔직한 이야기",슬로아의원 강동고덕,https://blog.naver.com/kmsblog1/224400274083
2026. 9. 4. 18:00,피부과 후기,"강동피부과 밴스의원 천호, 합리적인 으로 만족스러운 관리 받았어요",밴스의원 천호,https://blog.naver.com/kmsblog1/224400273589
2026. 9. 4. 16:00,피부과 후기,"강동피부과 천호 닥터에버스의원, 꾸준히 찾는 이유가 있는 추천",천호 닥터에버스의원,https://blog.naver.com/kmsblog1/224400273101
2026. 9. 4. 14:00,피부과 후기,"강동피부과 디렉터피부과의원 강동점, 꼼꼼하게 따져보고 선택한 방문 후기",디렉터피부과의원 강동점,https://blog.naver.com/kmsblog1/224400272539
2026. 9. 4. 12:00,피부과 후기,"강동피부과 강동오아로피부과의원, 정말 만족스러운 후기",강동오아로피부과의원,https://blog.naver.com/kmsblog1/224400272087
2026. 9. 4. 10:00,피부과 후기,"강동피부과 멜로우피부과의원 천호점, 내돈내산 만족한 천호 후기",멜로우피부과의원 천호점,https://blog.naver.com/kmsblog1/224400271549
2026. 9. 4. 6:00,피부과 후기,"강동피부과 페이스필터의원 천호, 합리적인 비용으로 만족스러운 천호 후기",페이스필터의원 천호,https://blog.naver.com/kmsblog1/224400270615
2026. 9. 4. 4:00,피부과 후기,"강동피부과 유앤아이의원 천호점, 정말 편하게 다녀왔어요",유앤아이의원 천호점,https://blog.naver.com/kmsblog1/224400270086
2026. 9. 4. 2:00,피부과 후기,"강동피부과 디에스타의원 강동천호, 꾸준히 찾게 되는 단골의 이유",디에스타의원 강동천호,https://blog.naver.com/kmsblog1/224400269637
2026. 9. 4. 0:01,피부과 후기,"강동피부과 비브톤의원 천호, 꾸준히 다니는 이유가 있죠",비브톤의원 천호,https://blog.naver.com/kmsblog1/224400268879
