게시일시,제목,URL
"Sat, 12 Sep 2026 12:40:00 +0900","청진동피부과 트윙클의원 광화문점, 꼼꼼하게 다녀온 후기",https://blog.naver.com/wassupholiday/224400533556
"Sat, 12 Sep 2026 10:40:00 +0900","관철동피부과 에스앤유피부과의원, 솔직한 방문 후기",https://blog.naver.com/wassupholiday/224400533141
"Sat, 12 Sep 2026 08:40:00 +0900","광화문헤리티크피부과의원, 광화문 내돈내산 찐후기",https://blog.naver.com/wassupholiday/224400532658
"Sat, 12 Sep 2026 06:40:00 +0900","공평동피부과 래인의원, 드디어 찾은 나만의 단골 솔직 후기",https://blog.naver.com/wassupholiday/224400532180
"Sat, 12 Sep 2026 04:40:00 +0900","연세에스웰피부과의원, 후기 꼼꼼히 보고 정착한 내돈내산 솔직한 이야기",https://blog.naver.com/wassupholiday/224400531719
"Sat, 12 Sep 2026 02:40:00 +0900","청진동피부과 민앤정의원, 솔직한 방문 후기",https://blog.naver.com/wassupholiday/224400531231
"Sat, 12 Sep 2026 00:40:00 +0900","관철동피부과 오블리브 서울 오리진의원, 솔직한 후기",https://blog.naver.com/wassupholiday/224400530787
"Fri, 11 Sep 2026 22:40:00 +0900","피부과 라미에르의원, 솔직한 방문 후기",https://blog.naver.com/wassupholiday/224400530342
"Fri, 11 Sep 2026 20:40:00 +0900","신당동피부과 한을남하늘피부과의원, 내돈내산 정착 후기",https://blog.naver.com/wassupholiday/224400529841
"Fri, 11 Sep 2026 18:40:00 +0900","황학동피부과 맑은문피부과의원, 동네 후기",https://blog.naver.com/wassupholiday/224400529328
"Fri, 11 Sep 2026 16:40:00 +0900","신당동피부과 서울참피부과의원, 단골이 전하는 솔직한 후기",https://blog.naver.com/wassupholiday/224400528921
"Fri, 11 Sep 2026 14:40:00 +0900","신당동피부과 더이다의원, 합리적인 비용으로 다녀온 후기",https://blog.naver.com/wassupholiday/224400528469
"Fri, 11 Sep 2026 12:40:00 +0900","신당동피부과 미라벨의원, 꾸준히 다니는 이유가 있어요",https://blog.naver.com/wassupholiday/224400528070
"Fri, 11 Sep 2026 10:40:00 +0900","신당동피부과 나이스피부과의원, 다녀온 솔직 후기",https://blog.naver.com/wassupholiday/224400527673
"Fri, 11 Sep 2026 08:40:00 +0900","신당동피부과 리메이 의원, 꾸준히 찾게 되는 후기",https://blog.naver.com/wassupholiday/224400527231
"Fri, 11 Sep 2026 06:40:00 +0900","신당동피부과 맑은성모 피부과의원, 직접 다녀온 솔직 후기",https://blog.naver.com/wassupholiday/224400526809
"Fri, 11 Sep 2026 04:40:00 +0900","신당동피부과 리멤버피부과의원 약수역점, 솔직 이용 후기",https://blog.naver.com/wassupholiday/224400526352
"Fri, 11 Sep 2026 02:40:00 +0900","피부과 뉴페이스의원, 꼼꼼하게 따져보고 고른 후기",https://blog.naver.com/wassupholiday/224400525950
"Fri, 11 Sep 2026 00:40:00 +0900","피부과 비엘티의원, 내돈내산 방문 솔직 후기",https://blog.naver.com/wassupholiday/224400525521
"Thu, 10 Sep 2026 22:40:00 +0900","피부과 동대문메이퓨어의원, 꾸준히 찾는 이유",https://blog.naver.com/wassupholiday/224400525103
"Thu, 10 Sep 2026 20:40:00 +0900","리뉴미피부과의원 동대문점, 직접 다녀온 솔직한 후기",https://blog.naver.com/wassupholiday/224400524723
"Thu, 10 Sep 2026 18:40:00 +0900","남창동피부과 남창동미소유의원, 정말 편하게 다니는 곳",https://blog.naver.com/wassupholiday/224400524307
"Thu, 10 Sep 2026 16:40:00 +0900","피부과 다오의원, 충무로 다녀온 솔직한 후기",https://blog.naver.com/wassupholiday/224400523922
"Thu, 10 Sep 2026 14:40:00 +0900","피부과 동대문밴스의원, 합리적인 의 피부 관리 후기",https://blog.naver.com/wassupholiday/224400523429
"Thu, 10 Sep 2026 12:40:00 +0900","명동피부과 제이디의원 명동점, 합리적인 으로 만족스러운 후기",https://blog.naver.com/wassupholiday/224400523028
"Thu, 10 Sep 2026 10:40:00 +0900","피부과 메디코스의원, 내돈내산 솔직한 피부 케어 후기",https://blog.naver.com/wassupholiday/224400522576
"Thu, 10 Sep 2026 08:40:00 +0900","명동피부과 메이의원, 꾸준히 찾게 되는 명동 솔직 후기",https://blog.naver.com/wassupholiday/224400522204
"Thu, 10 Sep 2026 06:40:00 +0900","피부과 플로레의원, 충무로에서 찾은 만족스러운 후기",https://blog.naver.com/wassupholiday/224400521799
"Thu, 10 Sep 2026 04:40:00 +0900","피부과 글로리의원, 충무로 다녀온 솔직한 후기",https://blog.naver.com/wassupholiday/224400521353
"Thu, 10 Sep 2026 02:40:00 +0900","피부과 트랜드성형외과의원, 내돈내산 정착 후기",https://blog.naver.com/wassupholiday/224400520915
"Thu, 10 Sep 2026 00:40:00 +0900","아름다운나라피부과의원 명동점, 내돈내산 솔직한 방문 후기",https://blog.naver.com/wassupholiday/224400520503
"Wed, 09 Sep 2026 22:40:00 +0900","명동피부과 카린의원, 명동 직접 다녀온 솔직한 후기",https://blog.naver.com/wassupholiday/224400520151
"Wed, 09 Sep 2026 20:40:00 +0900","피부과 에비아의원, 합리적인 비용으로 만족한 관리 후기",https://blog.naver.com/wassupholiday/224400519739
"Wed, 09 Sep 2026 18:40:00 +0900","서소문동피부과 소중한나의원, 내돈내산 솔직 후기",https://blog.naver.com/wassupholiday/224400519311
"Wed, 09 Sep 2026 16:40:00 +0900","피부과 뷰티라운지의원 명동점, 정말 만족스러웠던 솔직한 방문 후기",https://blog.naver.com/wassupholiday/224400518921
"Wed, 09 Sep 2026 14:40:00 +0900","명동피부과 뷰티즈의원 명동, 꼼꼼하게 관리받고 온 솔직한 후기",https://blog.naver.com/wassupholiday/224400518535
"Wed, 09 Sep 2026 12:40:00 +0900","명동피부과 클래식피부과의원, 명동 직접 다녀온 솔직한 후기",https://blog.naver.com/wassupholiday/224400518096
"Wed, 09 Sep 2026 10:40:00 +0900","남산동피부과 프리디크의원, 남산동 다녀온 솔직한 후기",https://blog.naver.com/wassupholiday/224400517708
"Wed, 09 Sep 2026 08:40:00 +0900","명동피부과 빛이난다의원, 광고없는 내돈내산 솔직한 후기",https://blog.naver.com/wassupholiday/224400517332
"Wed, 09 Sep 2026 06:40:00 +0900","피부과 세가지소원의원 명동점, 명동 솔직한 정착 후기",https://blog.naver.com/wassupholiday/224400516935
"Wed, 09 Sep 2026 04:40:00 +0900","피부과 그랑메디의원, 믿고 찾는 관리 후기",https://blog.naver.com/wassupholiday/224400516532
"Wed, 09 Sep 2026 02:40:00 +0900","명동피부과 뮤즈의원 명동, 명동 직접 다녀온 솔직 후기",https://blog.naver.com/wassupholiday/224400516009
"Wed, 09 Sep 2026 00:40:00 +0900","명동피부과 트리옹프닥터의원, 정말 꼼꼼하게 따져보고 고른 곳이에요",https://blog.naver.com/wassupholiday/224400515611
"Tue, 08 Sep 2026 22:40:00 +0900","피부과 닥터쁘띠의원 명동점, 명동 직접 다녀온 후기",https://blog.naver.com/wassupholiday/224400515239
"Tue, 08 Sep 2026 20:40:00 +0900","나음피부과의원, 오래 다닌 단골이 알려주는 이유",https://blog.naver.com/wassupholiday/224400514820
"Tue, 08 Sep 2026 18:40:00 +0900","명동피부과 아우레아의원, 오래 다닌 명동 단골 후기",https://blog.naver.com/wassupholiday/224400514404
"Tue, 08 Sep 2026 16:40:00 +0900","명동피부과 유픽의원 명동, 신중하게 고른 만족스러운 곳",https://blog.naver.com/wassupholiday/224400513983
"Tue, 08 Sep 2026 14:40:00 +0900","명동고운세상피부과의원, 내돈내산 솔직한 방문 후기",https://blog.naver.com/wassupholiday/224400513627
"Tue, 08 Sep 2026 12:40:00 +0900","명동피부과 아름다운미탐의원 명동, 오랫동안 꾸준히 찾게 되는 이유",https://blog.naver.com/wassupholiday/224400513177
"Tue, 08 Sep 2026 10:40:00 +0900","엠제이(MJ)올피부과의원, 직접 다녀온 솔직 후기",https://blog.naver.com/wassupholiday/224400512797
"Sat, 05 Sep 2026 22:40:00 +0900","남산동피부과 올의원, 남산동 단골이 알려주는 이야기",https://blog.naver.com/wassupholiday/224400501506
